3.00E-02,0.925222,0.121265
3.01E-02,0.924148,0.121903
3.03E-02,0.922739,0.122539
3.04E-02,0.921308,0.124188
3.05E-02,0.920206,0.125917
3.07E-02,0.919301,0.127636
3.08E-02,0.918523,0.129346
3.09E-02,0.917841,0.131045
3.11E-02,0.917236,0.132734
3.12E-02,0.916696,0.134413
3.13E-02,0.916211,0.136081
3.15E-02,0.915775,0.137738
3.16E-02,0.915383,0.139383
3.17E-02,0.915031,0.141018
3.19E-02,0.914714,0.142641
3.20E-02,0.91443,0.144252
3.22E-02,0.914176,0.145852
3.23E-02,0.91395,0.147439
3.25E-02,0.913749,0.149015
3.26E-02,0.913572,0.150578
3.27E-02,0.913417,0.152128
3.29E-02,0.913282,0.153666
3.30E-02,0.913166,0.155192
3.32E-02,0.913068,0.156705
3.33E-02,0.912986,0.158205
3.35E-02,0.912919,0.159691
3.36E-02,0.912866,0.161165
3.38E-02,0.912826,0.162626
3.39E-02,0.912798,0.164073
3.41E-02,0.91278,0.165507
3.42E-02,0.912773,0.166928
3.44E-02,0.912774,0.168335
3.45E-02,0.912782,0.169729
3.47E-02,0.912798,0.171108
3.48E-02,0.91282,0.172474
3.50E-02,0.912848,0.173826
3.51E-02,0.912879,0.175164
3.53E-02,0.912914,0.176488
3.54E-02,0.912952,0.177797
3.56E-02,0.912992,0.179092
3.57E-02,0.913032,0.180373
3.59E-02,0.913073,0.181638
3.60E-02,0.913113,0.18289
3.62E-02,0.913151,0.184126
3.64E-02,0.913187,0.185347
3.65E-02,0.91322,0.186552
3.67E-02,0.913249,0.187742
3.68E-02,0.913273,0.188917
3.70E-02,0.91329,0.190076
3.72E-02,0.913301,0.191218
3.73E-02,0.913304,0.192344
3.75E-02,0.913298,0.193454
3.77E-02,0.913282,0.194547
3.78E-02,0.913256,0.195622
3.80E-02,0.913217,0.19668
3.82E-02,0.913165,0.19772
3.83E-02,0.913099,0.198742
3.85E-02,0.913018,0.199746
3.87E-02,0.912919,0.20073
3.88E-02,0.912803,0.201694
3.90E-02,0.912667,0.202638
3.92E-02,0.912509,0.203561
3.94E-02,0.912329,0.204462
3.95E-02,0.912124,0.205341
3.97E-02,0.911892,0.206197
3.99E-02,0.911631,0.207028
4.00E-02,0.911338,0.207833
4.02E-02,0.911008,0.208611
4.04E-02,0.910638,0.209358
4.06E-02,0.910215,0.210073
4.08E-02,0.909729,0.210773
4.09E-02,0.909201,0.211506
4.11E-02,0.90865,0.212223
4.13E-02,0.908066,0.212913
4.15E-02,0.907445,0.213575
4.17E-02,0.906781,0.214204
4.18E-02,0.906068,0.214797
4.20E-02,0.905303,0.215351
4.22E-02,0.90448,0.215863
4.24E-02,0.903592,0.216329
4.26E-02,0.902633,0.216745
4.28E-02,0.901596,0.217104
4.30E-02,0.900471,0.217403
4.31E-02,0.899248,0.217633
4.33E-02,0.897915,0.217786
4.35E-02,0.896456,0.217852
4.37E-02,0.894851,0.217816
4.39E-02,0.893073,0.217661
4.41E-02,0.89108,0.217359
4.43E-02,0.888807,0.21687
4.45E-02,0.886119,0.216115
4.47E-02,0.882553,0.214887
4.49E-02,0.878348,0.215072
4.51E-02,0.874226,0.215889
4.53E-02,0.870237,0.216823
4.55E-02,0.866251,0.217699
4.57E-02,0.862125,0.218403
4.59E-02,0.85764,0.218791
4.61E-02,0.852194,0.21854
4.63E-02,0.845459,0.219177
4.65E-02,0.838358,0.222152
4.67E-02,0.831821,0.22628
4.69E-02,0.825903,0.230786
4.71E-02,0.820443,0.235449
4.73E-02,0.815318,0.240155
4.75E-02,0.810427,0.244826
4.77E-02,0.80568,0.249392
4.79E-02,0.800983,0.253783
4.81E-02,0.796222,0.257913
4.83E-02,0.791246,0.261662
4.86E-02,0.785807,0.264841
4.88E-02,0.779386,0.267079
4.90E-02,0.770125,0.267319
4.92E-02,0.757826,0.271658
4.94E-02,0.745432,0.281446
4.96E-02,0.734677,0.293601
4.99E-02,0.725503,0.306861
5.01E-02,0.717622,0.320765
5.03E-02,0.710787,0.335065
5.05E-02,0.704736,0.349557
5.07E-02,0.698967,0.363928
5.10E-02,0.69219,0.378138
5.12E-02,0.686577,0.399372
5.14E-02,0.685944,0.422188
5.16E-02,0.686235,0.436463
5.19E-02,0.683942,0.453521
5.21E-02,0.684162,0.478656
5.23E-02,0.689812,0.502338
5.25E-02,0.697947,0.521008
5.28E-02,0.706307,0.537604
5.30E-02,0.714735,0.553337
5.32E-02,0.723456,0.5687
5.35E-02,0.73293,0.584091
5.37E-02,0.743658,0.598995
5.39E-02,0.755311,0.611902
5.42E-02,0.767008,0.622974
5.44E-02,0.778405,0.633135
5.47E-02,0.789569,0.642653
5.49E-02,0.800562,0.651655
5.51E-02,0.811426,0.660221
5.54E-02,0.822196,0.668406
5.56E-02,0.832896,0.676253
5.59E-02,0.843548,0.683795
5.61E-02,0.854171,0.691059
5.64E-02,0.864781,0.698066
5.66E-02,0.875395,0.704838
5.69E-02,0.886026,0.711389
5.71E-02,0.896693,0.717734
5.74E-02,0.907414,0.723883
5.76E-02,0.918197,0.729824
5.79E-02,0.929049,0.735579
5.81E-02,0.939987,0.741165
5.84E-02,0.951033,0.746594
5.86E-02,0.962218,0.751876
5.89E-02,0.973578,0.757024
5.91E-02,0.98517,0.762054
5.94E-02,0.997087,0.766991
5.97E-02,1.009527,0.771885
5.99E-02,1.022967,0.77671
6.02E-02,1.037218,0.779506
6.04E-02,1.050956,0.779711
6.07E-02,1.063504,0.779183
6.10E-02,1.074883,0.778053
6.12E-02,1.084463,0.776296
6.15E-02,1.09315,0.777796
6.18E-02,1.102642,0.780571
6.21E-02,1.113048,0.783446
6.23E-02,1.124223,0.786333
6.26E-02,1.136286,0.789214
6.29E-02,1.149873,0.792139
6.32E-02,1.163911,0.791198
6.34E-02,1.176999,0.789496
6.37E-02,1.189466,0.787433
6.40E-02,1.201496,0.785068
6.43E-02,1.213175,0.782429
6.46E-02,1.224552,0.779538
6.48E-02,1.235659,0.776409
6.51E-02,1.246522,0.773056
6.54E-02,1.257165,0.769487
6.57E-02,1.267616,0.765712
6.60E-02,1.277927,0.761735
6.63E-02,1.288129,0.757436
6.66E-02,1.298106,0.752602
6.69E-02,1.307786,0.747501
6.71E-02,1.317297,0.742172
6.74E-02,1.32654,0.736102
6.77E-02,1.335435,0.729683
6.80E-02,1.343809,0.722219
6.83E-02,1.35111,0.713819
6.86E-02,1.357095,0.705249
6.89E-02,1.361815,0.696783
6.92E-02,1.365223,0.68849
6.95E-02,1.367051,0.680494
6.98E-02,1.366656,0.673261
7.02E-02,1.365613,0.671523
7.05E-02,1.366384,0.672269
7.08E-02,1.36873,0.672676
7.11E-02,1.371698,0.672939
7.14E-02,1.374723,0.673201
7.17E-02,1.376843,0.673776
7.20E-02,1.380593,0.681587
7.23E-02,1.390648,0.69189
7.27E-02,1.404711,0.693496
7.30E-02,1.4176,0.68992
7.33E-02,1.428864,0.686483
7.36E-02,1.439793,0.682902
7.39E-02,1.450948,0.678979
7.43E-02,1.462661,0.674005
7.46E-02,1.474084,0.665948
7.49E-02,1.483691,0.655694
7.52E-02,1.491426,0.645833
7.56E-02,1.497995,0.636216
7.59E-02,1.50364,0.626804
7.62E-02,1.508482,0.617591
7.66E-02,1.512582,0.608593
7.69E-02,1.51596,0.599843
7.73E-02,1.518591,0.591411
7.76E-02,1.520463,0.58357
7.79E-02,1.521958,0.577077
7.83E-02,1.523838,0.571832
7.86E-02,1.526195,0.566353
7.90E-02,1.528649,0.560782
7.93E-02,1.531088,0.555171
7.97E-02,1.533458,0.549546
8.00E-02,1.535733,0.543925
8.04E-02,1.537895,0.538318
8.07E-02,1.539937,0.532735
8.11E-02,1.541852,0.527179
8.14E-02,1.543639,0.521653
8.18E-02,1.545303,0.516154
8.21E-02,1.546854,0.510664
8.25E-02,1.548272,0.505085
8.29E-02,1.549378,0.499208
8.32E-02,1.549932,0.493281
8.36E-02,1.550008,0.487919
8.40E-02,1.550052,0.483356
8.43E-02,1.550201,0.478763
8.47E-02,1.550279,0.47422
8.51E-02,1.550241,0.469755
8.54E-02,1.55007,0.465379
8.58E-02,1.549761,0.461091
8.62E-02,1.549318,0.456861
8.66E-02,1.548716,0.452539
8.70E-02,1.547536,0.447532
8.73E-02,1.5451,0.44234
8.77E-02,1.541323,0.438345
8.81E-02,1.536346,0.435819
8.85E-02,1.5301,0.436086
8.89E-02,1.526843,0.446266
8.93E-02,1.533004,0.459205
8.97E-02,1.542282,0.453815
9.01E-02,1.544354,0.442449
9.04E-02,1.53981,0.43726
9.08E-02,1.537663,0.446421
9.12E-02,1.542344,0.452922
9.16E-02,1.550929,0.455904
9.20E-02,1.561941,0.453592
9.24E-02,1.57012,0.439965
9.29E-02,1.572935,0.427591
9.33E-02,1.572951,0.415678
9.37E-02,1.56904,0.401269
9.41E-02,1.56047,0.390121
9.45E-02,1.548921,0.383402
9.49E-02,1.536161,0.382669
9.53E-02,1.527699,0.392156
9.57E-02,1.524122,0.395446
9.62E-02,1.520482,0.395566
9.66E-02,1.516092,0.39499
9.70E-02,1.509704,0.390313
9.74E-02,1.493412,0.377165
9.79E-02,1.468672,0.384131
9.83E-02,1.451511,0.411995
9.87E-02,1.443294,0.43027
9.92E-02,1.430197,0.438304
9.96E-02,1.410291,0.461196
1.00E-01,1.39467,0.504175
1.00E-01,1.394182,0.561164
1.01E-01,1.406965,0.608032
1.01E-01,1.426614,0.65332
1.02E-01,1.450337,0.693004
1.02E-01,1.478988,0.74001
1.03E-01,1.518661,0.791328
1.03E-01,1.569325,0.838845
1.04E-01,1.637783,0.898753
1.04E-01,1.741224,0.9589
1.05E-01,1.880297,0.972986
1.05E-01,2.014147,0.887666
1.05E-01,2.097264,0.75041
1.06E-01,2.121767,0.616078
1.06E-01,2.111039,0.5304
1.07E-01,2.101072,0.492356
1.07E-01,2.106338,0.459934
1.08E-01,2.123857,0.423267
1.08E-01,2.1427,0.358978
1.09E-01,2.141217,0.267565
1.09E-01,2.106695,0.178498
1.10E-01,2.052598,0.131735
1.10E-01,2.006438,0.124047
1.11E-01,1.974922,0.116392
1.11E-01,1.950236,0.108771
1.12E-01,1.929626,0.101183
1.12E-01,1.911703,0.093629
1.13E-01,1.895621,0.086107
1.13E-01,1.880776,0.078618
1.14E-01,1.866709,0.071337
1.14E-01,1.853466,0.06495
1.15E-01,1.841058,0.058591
1.15E-01,1.829123,0.05226
1.16E-01,1.817382,0.045956
1.16E-01,1.805479,0.03968
1.17E-01,1.792667,0.033503
1.17E-01,1.780255,0.03164
1.18E-01,1.769535,0.029786
1.18E-01,1.759754,0.02794
1.19E-01,1.750613,0.026102
1.19E-01,1.741882,0.024272
1.20E-01,1.733613,0.022941
1.20E-01,1.725884,0.021625
1.21E-01,1.718549,0.020315
1.21E-01,1.711487,0.01901
1.22E-01,1.7047,0.017978
1.22E-01,1.698347,0.017231
1.23E-01,1.692497,0.016486
1.23E-01,1.687244,0.015745
1.24E-01,1.68219,0.013826
1.25E-01,1.67666,0.011427
1.25E-01,1.67033,0.009037
1.26E-01,1.663965,0.008738
1.26E-01,1.658303,0.008544
1.27E-01,1.653062,0.008351
1.27E-01,1.64812,0.008158
1.28E-01,1.643419,0.007966
1.28E-01,1.638921,0.007775
1.29E-01,1.634597,0.007585
1.30E-01,1.630418,0.007396
1.30E-01,1.62639,0.007279
1.31E-01,1.622525,0.007171
1.31E-01,1.618808,0.007064
1.32E-01,1.615223,0.006958
1.32E-01,1.611762,0.006851
1.33E-01,1.608424,0.006746
1.34E-01,1.605201,0.006619
1.34E-01,1.602063,0.006439
1.35E-01,1.598988,0.00626
1.35E-01,1.595979,0.006082
1.36E-01,1.593031,0.005904
1.37E-01,1.590134,0.005725
1.37E-01,1.587268,0.005547
1.38E-01,1.584389,0.00538
1.38E-01,1.581601,0.005527
1.39E-01,1.579009,0.005673
1.40E-01,1.576586,0.005819
1.40E-01,1.574295,0.005851
1.41E-01,1.572076,0.005798
1.41E-01,1.569897,0.005664
1.42E-01,1.56772,0.00546
1.43E-01,1.565534,0.005258
1.43E-01,1.563341,0.005056
1.44E-01,1.561128,0.004881
1.45E-01,1.558963,0.004884
1.45E-01,1.556899,0.004887
1.46E-01,1.55491,0.00489
1.46E-01,1.55299,0.004893
1.47E-01,1.551137,0.004881
1.48E-01,1.549326,0.004813
1.48E-01,1.547537,0.004744
1.49E-01,1.545778,0.004677
1.50E-01,1.544049,0.004609
1.50E-01,1.542352,0.004542
1.51E-01,1.540682,0.004475
1.52E-01,1.539036,0.004409
1.52E-01,1.537423,0.004378
1.53E-01,1.535856,0.004348
1.54E-01,1.534329,0.004318
1.54E-01,1.532841,0.004289
1.55E-01,1.531395,0.004259
1.56E-01,1.529999,0.004229
1.56E-01,1.528655,0.004169
1.57E-01,1.527324,0.004018
1.58E-01,1.52598,0.003868
1.58E-01,1.524637,0.003718
1.59E-01,1.5233,0.003569
1.60E-01,1.521966,0.003421
1.61E-01,1.520641,0.003289
1.61E-01,1.519329,0.003161
1.62E-01,1.518027,0.003033
1.63E-01,1.516726,0.002906
1.63E-01,1.515418,0.002795
1.64E-01,1.514134,0.002762
1.65E-01,1.512894,0.002729
1.66E-01,1.511685,0.002697
1.66E-01,1.510503,0.002665
1.67E-01,1.509344,0.002633
1.68E-01,1.508206,0.002601
1.68E-01,1.507089,0.002569
1.69E-01,1.505992,0.002537
1.70E-01,1.504913,0.002506
1.71E-01,1.503851,0.002475
1.71E-01,1.502807,0.002443
1.72E-01,1.50178,0.002412
1.73E-01,1.500768,0.002381
1.74E-01,1.499772,0.00235
1.74E-01,1.498792,0.00232
1.75E-01,1.497826,0.002289
1.76E-01,1.496874,0.002257
1.77E-01,1.495935,0.002226
1.78E-01,1.495009,0.002195
1.78E-01,1.494096,0.002164
1.79E-01,1.493195,0.002133
1.80E-01,1.492306,0.002103
1.81E-01,1.491427,0.002072
1.81E-01,1.490558,0.002041
1.82E-01,1.489694,0.002011
1.83E-01,1.488843,0.002
1.84E-01,1.488009,0.00199
1.85E-01,1.48719,0.00198
1.86E-01,1.486385,0.00197
1.86E-01,1.485592,0.00196
1.87E-01,1.484811,0.00195
1.88E-01,1.484042,0.001941
1.89E-01,1.483285,0.00193
1.90E-01,1.482538,0.001921
1.90E-01,1.481802,0.001912
1.91E-01,1.481077,0.001902
1.92E-01,1.480362,0.001893
1.93E-01,1.479657,0.001883
1.94E-01,1.478961,0.001873
1.95E-01,1.478275,0.001864
1.96E-01,1.477599,0.001855
1.96E-01,1.476931,0.001846
1.97E-01,1.476273,0.001837
1.98E-01,1.475624,0.001827
1.99E-01,1.474983,0.001818
2.00E-01,1.47435,0.001809
2.01E-01,1.473726,0.0018
2.02E-01,1.47311,0.001791
2.03E-01,1.472503,0.001783
2.03E-01,1.471903,0.001774
2.04E-01,1.471311,0.001766
2.05E-01,1.470727,0.001757
2.06E-01,1.47015,0.001748
2.07E-01,1.46958,0.001739
2.08E-01,1.469017,0.001731
2.09E-01,1.468462,0.001723
2.10E-01,1.467914,0.001714
2.11E-01,1.467373,0.001706
2.12E-01,1.466838,0.001697
2.12E-01,1.46631,0.00169
2.13E-01,1.465789,0.001681
2.14E-01,1.465274,0.001673
2.15E-01,1.464765,0.001665
2.16E-01,1.464263,0.001657
2.17E-01,1.463766,0.001649
2.18E-01,1.463276,0.00164
2.19E-01,1.462792,0.001633
2.20E-01,1.462313,0.001625
2.21E-01,1.46184,0.001617
2.22E-01,1.461373,0.001609
2.23E-01,1.460912,0.001602
2.24E-01,1.460456,0.001594
2.25E-01,1.460006,0.001586
2.26E-01,1.45956,0.001579
2.27E-01,1.45912,0.001571
2.28E-01,1.458686,0.001563
2.29E-01,1.458256,0.001555
2.30E-01,1.457831,0.001549
2.31E-01,1.457412,0.001541
2.32E-01,1.456997,0.001534
2.33E-01,1.456587,0.001526
2.34E-01,1.456181,0.001519
2.35E-01,1.455781,0.001512
2.36E-01,1.455385,0.001504
2.37E-01,1.454993,0.001498
2.38E-01,1.454606,0.00149
2.39E-01,1.454224,0.001483
2.40E-01,1.453846,0.001476
2.41E-01,1.453472,0.001469
2.42E-01,1.453102,0.001462
2.43E-01,1.452737,0.001455
2.44E-01,1.452375,0.001448
2.46E-01,1.452018,0.001442
2.47E-01,1.451664,0.001434
2.48E-01,1.451315,0.001428
2.49E-01,1.450969,0.001421
2.50E-01,1.450628,0.001414
2.51E-01,1.45029,0.001407
2.52E-01,1.449955,0.001401
2.53E-01,1.449625,0.001395
2.54E-01,1.449299,0.001387
2.55E-01,1.448975,0.001381
2.57E-01,1.448655,0.001375
2.58E-01,1.448339,0.001368
2.59E-01,1.448027,0.001361
2.60E-01,1.447717,0.001355
2.61E-01,1.447411,0.001349
2.62E-01,1.447109,0.001343
2.63E-01,1.446809,0.001336
2.65E-01,1.446513,0.00133
2.66E-01,1.44622,0.001324
2.67E-01,1.44593,0.001318
2.68E-01,1.445644,0.001312
2.69E-01,1.44536,0.001305
2.70E-01,1.445079,0.001299
2.72E-01,1.444802,0.001293
2.73E-01,1.444527,0.001287
2.74E-01,1.444255,0.001281
2.75E-01,1.443987,0.001276
2.76E-01,1.443721,0.001269
2.78E-01,1.443457,0.001263
2.79E-01,1.443197,0.001257
2.80E-01,1.442939,0.001252
2.81E-01,1.442684,0.001246
2.82E-01,1.442432,0.00124
2.84E-01,1.442183,0.001234
2.85E-01,1.441936,0.001229
2.86E-01,1.441691,0.001222
2.87E-01,1.441449,0.001217
2.89E-01,1.44121,0.001211
2.90E-01,1.440973,0.001206
2.91E-01,1.440738,0.0012
2.93E-01,1.440506,0.001195
2.94E-01,1.440277,0.001189
2.95E-01,1.44005,0.001184
2.96E-01,1.439825,0.001178
2.98E-01,1.439602,0.001173
2.99E-01,1.439382,0.001168
3.00E-01,1.439164,0.001162
3.02E-01,1.438948,0.001157
3.03E-01,1.438735,0.001151
3.04E-01,1.438524,0.001145
3.06E-01,1.438314,0.00114
3.07E-01,1.438107,0.001135
3.08E-01,1.437902,0.00113
3.10E-01,1.437699,0.001125
3.11E-01,1.437498,0.001119
3.12E-01,1.437299,0.001114
3.14E-01,1.437102,0.001109
3.15E-01,1.436907,0.001104
3.17E-01,1.436714,0.001099
3.18E-01,1.436523,0.001094
3.19E-01,1.436334,0.001089
3.21E-01,1.436147,0.001084
3.22E-01,1.435962,0.001079
3.24E-01,1.435779,0.001074
3.25E-01,1.435597,0.001069
3.26E-01,1.435417,0.001064
3.28E-01,1.435239,0.001059
3.29E-01,1.435063,0.001054
3.31E-01,1.434889,0.00105
3.32E-01,1.434716,0.001045
3.34E-01,1.434545,0.00104
3.35E-01,1.434375,0.001035
3.37E-01,1.434208,0.00103
3.38E-01,1.434041,0.001026
3.40E-01,1.433877,0.001022
3.41E-01,1.433715,0.001017
3.43E-01,1.433554,0.001013
3.44E-01,1.433395,0.001008
3.46E-01,1.433237,0.001003
3.47E-01,1.43308,0.000999
3.49E-01,1.432926,0.000994
3.50E-01,1.432772,0.00099
3.52E-01,1.432621,0.000985
3.53E-01,1.43247,0.00098
3.55E-01,1.432321,0.000976
3.56E-01,1.432174,0.000971
3.58E-01,1.432028,0.000967
3.59E-01,1.431883,0.000963
3.61E-01,1.43174,0.000958
3.63E-01,1.431598,0.000954
3.64E-01,1.431458,0.000949
3.66E-01,1.431318,0.000945
3.67E-01,1.431181,0.000942
3.69E-01,1.431045,0.000937
3.71E-01,1.43091,0.000933
3.72E-01,1.430776,0.000929
3.74E-01,1.430644,0.000924
3.76E-01,1.430513,0.00092
3.77E-01,1.430383,0.000916
3.79E-01,1.430254,0.000912
3.81E-01,1.430127,0.000907
3.82E-01,1.430001,0.000903
3.84E-01,1.429876,0.000899
3.86E-01,1.429752,0.000895
3.87E-01,1.429629,0.000892
3.89E-01,1.429508,0.000888
3.91E-01,1.429388,0.000883
3.92E-01,1.429269,0.000879
3.94E-01,1.429151,0.000875
3.96E-01,1.429034,0.000871
3.98E-01,1.428919,0.000867
3.99E-01,1.428804,0.000863
4.01E-01,1.42869,0.000859
4.03E-01,1.428578,0.000855
4.05E-01,1.428466,0.000852
4.06E-01,1.428356,0.000848
4.08E-01,1.428247,0.000844
4.10E-01,1.428139,0.00084
4.12E-01,1.428032,0.000837
4.14E-01,1.427926,0.000833
4.15E-01,1.42782,0.000829
4.17E-01,1.427716,0.000825
4.19E-01,1.427613,0.000821
4.21E-01,1.42751,0.000818
4.23E-01,1.42741,0.000815
4.25E-01,1.427309,0.000811
4.26E-01,1.42721,0.000807
4.28E-01,1.427112,0.000803
4.30E-01,1.427014,0.0008
4.32E-01,1.426918,0.000796
4.34E-01,1.426822,0.000792
4.36E-01,1.426727,0.000789
4.38E-01,1.426633,0.000786
4.40E-01,1.42654,0.000782
4.42E-01,1.426448,0.000779
4.44E-01,1.426357,0.000775
4.45E-01,1.426267,0.000771
4.47E-01,1.426177,0.000768
4.49E-01,1.426088,0.000764
4.51E-01,1.426,0.000761
4.53E-01,1.425913,0.000758
4.55E-01,1.425827,0.000755
4.57E-01,1.425742,0.000751
4.59E-01,1.425657,0.000748
4.61E-01,1.425573,0.000744
4.63E-01,1.42549,0.000741
4.65E-01,1.425408,0.000737
4.67E-01,1.425326,0.000735
4.70E-01,1.425246,0.000731
4.72E-01,1.425166,0.000728
4.74E-01,1.425086,0.000725
4.76E-01,1.425008,0.000721
4.78E-01,1.42493,0.000718
4.80E-01,1.424853,0.000715
4.82E-01,1.424776,0.000711
4.84E-01,1.4247,0.000709
4.86E-01,1.424626,0.000706
4.88E-01,1.424552,0.000702
4.91E-01,1.424478,0.000699
4.93E-01,1.424405,0.000696
4.95E-01,1.424333,0.000693
4.97E-01,1.424261,0.000689
4.99E-01,1.42419,0.000687
5.01E-01,1.42412,0.000684
5.04E-01,1.424051,0.000681
5.06E-01,1.423982,0.000678
5.08E-01,1.423913,0.000674
5.10E-01,1.423846,0.000671
5.13E-01,1.423778,0.000668
5.15E-01,1.423712,0.000665
5.17E-01,1.423646,0.000663
5.19E-01,1.423581,0.00066
5.22E-01,1.423516,0.000657
5.24E-01,1.423452,0.000654
5.26E-01,1.423389,0.000651
5.28E-01,1.423326,0.000648
5.31E-01,1.423263,0.000645
5.33E-01,1.423201,0.000643
5.35E-01,1.423141,0.00064
5.38E-01,1.42308,0.000637
5.40E-01,1.42302,0.000634
5.43E-01,1.422961,0.000631
5.45E-01,1.422902,0.000628
5.47E-01,1.422843,0.000625
5.50E-01,1.422785,0.000622
5.52E-01,1.422727,0.00062
5.55E-01,1.422671,0.000617
5.57E-01,1.422615,0.000614
5.59E-01,1.422559,0.000611
5.62E-01,1.422504,0.000609
5.64E-01,1.422449,0.000606
5.67E-01,1.422394,0.000603
5.69E-01,1.42234,0.000601
5.72E-01,1.422287,0.000598
5.74E-01,1.422235,0.000596
5.77E-01,1.422182,0.000593
5.79E-01,1.42213,0.00059
5.82E-01,1.422079,0.000587
5.85E-01,1.422028,0.000585
5.87E-01,1.421977,0.000583
5.90E-01,1.421927,0.00058
5.92E-01,1.421878,0.000577
5.95E-01,1.421829,0.000575
5.97E-01,1.42178,0.000572
6.00E-01,1.421732,0.000569
6.03E-01,1.421684,0.000567
6.05E-01,1.421636,0.000564
6.08E-01,1.42159,0.000562
6.11E-01,1.421543,0.00056
6.13E-01,1.421497,0.000557
6.16E-01,1.421452,0.000555
6.19E-01,1.421406,0.000552
6.21E-01,1.421361,0.000549
6.24E-01,1.421317,0.000547
6.27E-01,1.421273,0.000545
6.30E-01,1.421229,0.000543
6.32E-01,1.421186,0.00054
6.35E-01,1.421143,0.000538
6.38E-01,1.421101,0.000535
6.41E-01,1.421059,0.000533
6.44E-01,1.421017,0.00053
6.46E-01,1.420975,0.000528
6.49E-01,1.420935,0.000526
6.52E-01,1.420894,0.000524
6.55E-01,1.420854,0.000521
6.58E-01,1.420814,0.000519
6.61E-01,1.420775,0.000516
6.64E-01,1.420736,0.000514
6.67E-01,1.420697,0.000512
6.70E-01,1.420658,0.00051
6.72E-01,1.42062,0.000508
6.75E-01,1.420583,0.000505
6.78E-01,1.420545,0.000503
6.81E-01,1.420508,0.000501
6.84E-01,1.420471,0.000498
6.87E-01,1.420435,0.000496
6.90E-01,1.420398,0.000494
6.93E-01,1.420363,0.000492
6.96E-01,1.420328,0.00049
6.99E-01,1.420293,0.000488
7.03E-01,1.420258,0.000486
7.06E-01,1.420223,0.000483
7.09E-01,1.420189,0.000481
7.12E-01,1.420155,0.000479
7.15E-01,1.420121,0.000477
7.18E-01,1.420088,0.000475
7.21E-01,1.420055,0.000473
7.24E-01,1.420023,0.000471
7.28E-01,1.41999,0.000469
7.31E-01,1.419958,0.000466
7.34E-01,1.419926,0.000464
7.37E-01,1.419895,0.000462
7.40E-01,1.419863,0.00046
7.44E-01,1.419832,0.000459
7.47E-01,1.419802,0.000457
7.50E-01,1.419772,0.000455
7.54E-01,1.419742,0.000452
7.57E-01,1.419712,0.00045
7.60E-01,1.419682,0.000448
7.64E-01,1.419653,0.000446
7.67E-01,1.419623,0.000444
7.70E-01,1.419594,0.000443
7.74E-01,1.419566,0.000441
7.77E-01,1.419538,0.000439
7.80E-01,1.41951,0.000437
7.84E-01,1.419482,0.000435
7.87E-01,1.419454,0.000433
7.91E-01,1.419427,0.000431
7.94E-01,1.4194,0.000429
7.98E-01,1.419373,0.000428
8.01E-01,1.419347,0.000426
8.05E-01,1.41932,0.000424
8.08E-01,1.419294,0.000422
8.12E-01,1.419268,0.00042
8.15E-01,1.419243,0.000418
8.19E-01,1.419217,0.000416
8.23E-01,1.419192,0.000414
8.26E-01,1.419167,0.000412
8.30E-01,1.419142,0.000411
8.33E-01,1.419118,0.000409
8.37E-01,1.419094,0.000407
8.41E-01,1.41907,0.000405
8.44E-01,1.419046,0.000403
8.48E-01,1.419022,0.000401
8.52E-01,1.418998,0.0004
8.56E-01,1.418975,0.000398
8.59E-01,1.418952,0.000396
8.63E-01,1.418929,0.000395
8.67E-01,1.418907,0.000393
8.71E-01,1.418884,0.000391
8.75E-01,1.418862,0.000389
8.78E-01,1.41884,0.000388
8.82E-01,1.418818,0.000386
8.86E-01,1.418796,0.000384
8.90E-01,1.418775,0.000382
8.94E-01,1.418753,0.000381
8.98E-01,1.418732,0.00038
9.02E-01,1.418712,0.000378
9.06E-01,1.418691,0.000376
9.10E-01,1.418671,0.000374
9.14E-01,1.41865,0.000373
9.18E-01,1.41863,0.000371
9.22E-01,1.41861,0.000369
9.26E-01,1.41859,0.000367
9.30E-01,1.41857,0.000366
9.34E-01,1.418551,0.000365
9.38E-01,1.418532,0.000363
9.42E-01,1.418513,0.000361
9.46E-01,1.418494,0.00036
9.50E-01,1.418475,0.000358
9.55E-01,1.418457,0.000356
9.59E-01,1.418438,0.000355
9.63E-01,1.41842,0.000353
9.67E-01,1.418401,0.000351
9.72E-01,1.418383,0.000351
9.76E-01,1.418366,0.000349
9.80E-01,1.418348,0.000347
9.84E-01,1.418331,0.000346
9.89E-01,1.418314,0.000344
9.93E-01,1.418296,0.000343
9.97E-01,1.418279,0.000341
1.00E+00,1.418262,0.000339
1.01E+00,1.418246,0.000338
1.01E+00,1.418229,0.000336
1.02E+00,1.418212,0.000336
1.02E+00,1.418196,0.000334
1.02E+00,1.41818,0.000333
1.03E+00,1.418164,0.000331
1.03E+00,1.418149,0.000329
1.04E+00,1.418133,0.000328
1.04E+00,1.418117,0.000326
1.05E+00,1.418102,0.000325
1.05E+00,1.418086,0.000323
1.06E+00,1.418071,0.000322
1.06E+00,1.418056,0.000321
1.07E+00,1.418041,0.00032
1.07E+00,1.418027,0.000318
1.07E+00,1.418012,0.000317
1.08E+00,1.417998,0.000315
1.08E+00,1.417983,0.000314
1.09E+00,1.417969,0.000312
1.09E+00,1.417955,0.000311
1.10E+00,1.417941,0.000309
1.10E+00,1.417927,0.000308
1.11E+00,1.417913,0.000306
1.11E+00,1.417899,0.000306
1.12E+00,1.417886,0.000305
1.12E+00,1.417872,0.000303
1.13E+00,1.417859,0.000302
1.13E+00,1.417846,0.0003
1.14E+00,1.417833,0.000299
1.14E+00,1.41782,0.000298
1.15E+00,1.417807,0.000296
1.15E+00,1.417795,0.000295
1.16E+00,1.417782,0.000293
1.16E+00,1.417769,0.000292
1.17E+00,1.417757,0.000292
1.17E+00,1.417745,0.00029
1.18E+00,1.417733,0.000289
1.18E+00,1.417721,0.000288
1.19E+00,1.417709,0.000286
1.19E+00,1.417697,0.000285
1.20E+00,1.417685,0.000284
1.20E+00,1.417674,0.000282
1.21E+00,1.417662,0.000281
1.21E+00,1.41765,0.00028
1.22E+00,1.417639,0.000278
1.23E+00,1.417628,0.000278
1.23E+00,1.417617,0.000277
1.24E+00,1.417606,0.000275
1.24E+00,1.417595,0.000274
1.25E+00,1.417584,0.000273
1.25E+00,1.417574,0.000271
1.26E+00,1.417563,0.00027
1.26E+00,1.417552,0.000269
1.27E+00,1.417542,0.000268
1.27E+00,1.417531,0.000266
1.28E+00,1.417521,0.000265
1.29E+00,1.417511,0.000264
1.29E+00,1.4175,0.000263
1.30E+00,1.41749,0.000262
1.30E+00,1.417481,0.000261
1.31E+00,1.417471,0.00026
1.31E+00,1.417461,0.000259
1.32E+00,1.417452,0.000258
1.33E+00,1.417442,0.000256
1.33E+00,1.417433,0.000255
1.34E+00,1.417423,0.000254
1.34E+00,1.417414,0.000253
1.35E+00,1.417405,0.000252
1.36E+00,1.417395,0.00025
1.36E+00,1.417386,0.000249
1.37E+00,1.417377,0.000249
1.37E+00,1.417368,0.000248
1.38E+00,1.41736,0.000247
1.39E+00,1.417351,0.000246
1.39E+00,1.417342,0.000244
1.40E+00,1.417334,0.000243
1.40E+00,1.417325,0.000242
1.41E+00,1.417317,0.000241
1.42E+00,1.417308,0.00024
1.42E+00,1.4173,0.000239
1.43E+00,1.417292,0.000238
1.43E+00,1.417283,0.000236
1.44E+00,1.417275,0.000235
1.45E+00,1.417267,0.000235
1.45E+00,1.417259,0.000234
1.46E+00,1.417251,0.000233
1.47E+00,1.417244,0.000232
1.47E+00,1.417236,0.000231
1.48E+00,1.417228,0.00023
1.49E+00,1.417221,0.000229
1.49E+00,1.417213,0.000228
1.50E+00,1.417206,0.000227
1.51E+00,1.417198,0.000225
1.51E+00,1.417191,0.000224
1.52E+00,1.417184,0.000223
1.53E+00,1.417176,0.000222
1.53E+00,1.417169,0.000221
1.54E+00,1.417162,0.000221
1.55E+00,1.417155,0.00022
1.55E+00,1.417148,0.000219
1.56E+00,1.417141,0.000218
1.57E+00,1.417134,0.000217
1.57E+00,1.417128,0.000216
1.58E+00,1.417121,0.000215
1.59E+00,1.417114,0.000214
1.59E+00,1.417108,0.000213
1.60E+00,1.417101,0.000212
1.61E+00,1.417095,0.000211
1.61E+00,1.417088,0.00021
1.62E+00,1.417081,0.000209
1.63E+00,1.417075,0.000208
1.64E+00,1.417069,0.000208
1.64E+00,1.417063,0.000207
1.65E+00,1.417057,0.000206
1.66E+00,1.417051,0.000205
1.67E+00,1.417045,0.000204
1.67E+00,1.417039,0.000203
1.68E+00,1.417033,0.000202
1.69E+00,1.417027,0.000201
1.69E+00,1.417021,0.0002
1.70E+00,1.417015,0.0002
1.71E+00,1.417009,0.000199
1.72E+00,1.417004,0.000198
1.72E+00,1.416998,0.000197
1.73E+00,1.416992,0.000196
1.74E+00,1.416987,0.000195
1.75E+00,1.416981,0.000194
1.76E+00,1.416975,0.000194
1.76E+00,1.41697,0.000193
1.77E+00,1.416965,0.000192
1.78E+00,1.41696,0.000191
1.79E+00,1.416955,0.00019
1.79E+00,1.41695,0.00019
1.80E+00,1.416944,0.000189
1.81E+00,1.416939,0.000188
1.82E+00,1.416934,0.000187
1.83E+00,1.416929,0.000186
1.83E+00,1.416924,0.000185
1.84E+00,1.416919,0.000184
1.85E+00,1.416914,0.000183
1.86E+00,1.416909,0.000183
1.87E+00,1.416904,0.000182
1.87E+00,1.4169,0.000181
1.88E+00,1.416895,0.00018
1.89E+00,1.41689,0.00018
1.90E+00,1.416885,0.000179
1.91E+00,1.416881,0.000178
1.92E+00,1.416877,0.000178
1.92E+00,1.416872,0.000177
1.93E+00,1.416868,0.000176
1.94E+00,1.416863,0.000175
1.95E+00,1.416859,0.000174
1.96E+00,1.416854,0.000173
1.97E+00,1.41685,0.000173
1.98E+00,1.416846,0.000172
1.98E+00,1.416842,0.000171
1.99E+00,1.416837,0.00017
2.00E+00,1.416833,0.000169